{"loss": [1.9185028076171875, 1.511739730834961, 1.316660761833191, 1.1786720752716064, 1.06529700756073, 0.9720604419708252, 0.8911570906639099, 0.8200737833976746, 0.7481087446212769, 0.6851195693016052, 0.6308591961860657, 0.5665921568870544, 0.524574875831604, 0.4821242690086365, 0.45074161887168884, 0.41533607244491577, 0.3737133741378784, 0.32974886894226074, 0.3154905140399933, 0.29550662636756897, 0.2781457006931305, 0.25587165355682373, 0.229996457695961, 0.22796472907066345, 0.19907747209072113, 0.1925780028104782, 0.169013112783432, 0.16184556484222412, 0.15729287266731262, 0.14377416670322418, 0.14264482259750366, 0.13770100474357605, 0.11792871356010437, 0.10801633447408676, 0.119343101978302, 0.10376608371734619, 0.09956109523773193], "val_loss": [1.6456142663955688, 1.4006078243255615, 1.2373722791671753, 1.142942190170288, 1.052664875984192, 0.9877334833145142, 0.9163073301315308, 0.8620849847793579, 0.8062775731086731, 0.7945477962493896, 0.7444973587989807, 0.7252313494682312, 0.6938685178756714, 0.6779012680053711, 0.6281538009643555, 0.6402513384819031, 0.6241456866264343, 0.603448212146759, 0.6206681132316589, 0.5891391038894653, 0.6348119378089905, 0.631010890007019, 0.5723429918289185, 0.66867595911026, 0.54820716381073, 0.5629778504371643, 0.5743663311004639, 0.6191333532333374, 0.5388878583908081, 0.5817332863807678, 0.6254152655601501, 0.6142368912696838, 0.5769166946411133, 0.5675833225250244, 0.5486766695976257, 0.7466682195663452, 0.5891133546829224], "accuracy": [0.45044445991516113, 0.5314444303512573, 0.5900833606719971, 0.6313055157661438, 0.6712778210639954, 0.6958056092262268, 0.729638934135437, 0.7551944255828857, 0.7765277624130249, 0.7913610935211182, 0.809583306312561, 0.831083357334137, 0.8500000238418579, 0.8582500219345093, 0.8840833306312561, 0.8866666555404663, 0.9044166803359985, 0.9225000143051147, 0.9122499823570251, 0.9326666593551636, 0.9133333563804626, 0.9273333549499512, 0.9539166688919067, 0.9243333339691162, 0.968583345413208, 0.9677500128746033, 0.965583324432373, 0.95333331823349, 0.981083333492279, 0.9705833196640015, 0.9664999842643738, 0.9770833253860474, 0.9794166684150696, 0.9923333525657654, 0.9884166717529297, 0.9508333206176758, 0.9907500147819519], "val_accuracy": [0.4443064033985138, 0.5362017154693604, 0.5793148279190063, 0.6142217516899109, 0.6482537984848022, 0.6685330271720886, 0.697455883026123, 0.7110862135887146, 0.7329227328300476, 0.7335876226425171, 0.7509797811508179, 0.7587485909461975, 0.7730437517166138, 0.7768056988716125, 0.8009693026542664, 0.791993260383606, 0.8125, 0.8228058218955994, 0.8059560060501099, 0.8254654407501221, 0.8109427094459534, 0.8131648898124695, 0.8328841924667358, 0.8049586415290833, 0.848071813583374, 0.8464095592498779, 0.8378708958625793, 0.8335490822792053, 0.8590425252914429, 0.8474069237709045, 0.8378708958625793, 0.8386408090591431, 0.8491740822792053, 0.8653590679168701, 0.859375, 0.8175742030143738, 0.8557180762290955]}